RES1 , idRES1 , RES2 , idRES2 , dist(Angstrom)
SER  , 94     , SER  , 96     , 003.38
SER  , 94     , THR  , 211    , 002.69
SER  , 96     , ARG  , 213    , 003.13
SER  , 99     , LYS  , 101    , 003.32
SER  , 99     , ARG  , 267    , 003.12
LYS  , 101    , ARG  , 267    , 002.95
CYS  , 124    , PHE  , 134    , 003.89
TYR  , 126    , ARG  , 282    , 003.48
SER  , 127    , LEU  , 130    , 003.42
LYS  , 139    , CYS  , 141    , 003.30
CYS  , 141    , TYR  , 234    , 003.82
TYR  , 163    , GLY  , 245    , 003.33
ARG  , 175    , MET  , 237    , 002.87
CYS  , 176    , HIS  , 178    , 003.94
CYS  , 176    , HIS  , 179    , 003.54
PRO  , 177    , ARG  , 181    , 003.37
VAL  , 197    , TYR  , 205    , 003.26
SER  , 227    , CYS  , 229    , 003.29
CYS  , 238    , CYS  , 176    , 003.58
SER  , 240    , VAL  , 274    , 002.93
CYS  , 242    , ASN  , 239    , 003.53
MET  , 246    , ARG  , 249    , 002.90
CYS  , 275    , ARG  , 273    , 003.85
CYS  , 275    , PRO  , 278    , 003.84
LYS  , 291    , ASP  , 352    , 002.81
LYS  , 291    , ALA  , 353    , 002.85
ARG  , 333    , ARG  , 337    , 003.49
